[
    {
        "id": 1,
        "nome": "Florin",
        "cognome" : "Sutu"
    },
    {
        "id": 2,
        "nome": "Alessia",
        "cognome" : "Campanile"
    },
    {
        "id": 3,
        "nome": "Edoardo",
        "cognome" : "Trovarelli"
    },
    {
        "id": 4,
        "nome": "Gurvir",
        "cognome" : "Singh"
    },
    {
        "id": 5,
        "nome": "Carisio",
        "cognome" : "Di Giampietro"
    },
    {
        "id": 6,
        "nome": "Fabiola",
        "cognome" : "Barone"
    },
    {
        "id": 7,
        "nome": "Alessia",
        "cognome" : "Cicoli"
    },
    {
        "id": 8,
        "nome": "Luca",
        "cognome" : "Minchillo"
    },
    {
        "id": 9,
        "nome": "Dario",
        "cognome" : "Piovani"
    },
    {
        "id": 10,
        "nome": "Claudio",
        "cognome" : "Urru"
    },
    {
        "id": 11,
        "nome": "Alessandro",
        "cognome" : "Crescimanni"
    },
    {
        "id": 12,
        "nome": "Davide",
        "cognome" : "Dal Santo"
    },
    {
        "id": 13,
        "nome": "Beatrice",
        "cognome" : "Daldin"
    },
    {
        "id": 14,
        "nome": "Giulia",
        "cognome" : "Chittaro"
    },
    {
        "id": 15,
        "nome": "Francesca",
        "cognome" : "Frattini"
    }
]